First Name [Required],Last Name [Required],Email Address [Required],Password [Required],Password Hash Function [UPLOAD ONLY],Org Unit Path [Required],New Primary Email [UPLOAD ONLY],Recovery Email,Home Secondary Email,Work Secondary Email,Recovery Phone [MUST BE IN THE E.164 FORMAT],Work Phone,Home Phone,Mobile Phone,Work Address,Home Address,Employee ID,Employee Type,Employee Title,Manager Email,Department,Cost Center,Building ID,Floor Name,Floor Section,Change Password at Next Sign-In,New Status [UPLOAD ONLY],Advanced Protection Program enrollment
Reginald,Bernstein,kinder0@spartaaceap.com,hehehahahoho,,/,,sparta.aceap@gmail.com,,,,,,,,,aceap000,,,,,,,,,False,,False
Harry,Layne,kinder1@spartaaceap.com,hehehahahoho,,/,,sparta.aceap@gmail.com,,,,,,,,,aceap000,,,,,,,,,False,,False
Paula,Wesson,kinder2@spartaaceap.com,hehehahahoho,,/,,sparta.aceap@gmail.com,,,,,,,,,aceap000,,,,,,,,,False,,False
Arnold,Griffin,kinder3@spartaaceap.com,hehehahahoho,,/,,sparta.aceap@gmail.com,,,,,,,,,aceap000,,,,,,,,,False,,False
Shelley,Dobiesz,kinder4@spartaaceap.com,hehehahahoho,,/,,sparta.aceap@gmail.com,,,,,,,,,aceap000,,,,,,,,,False,,False
Tracie,Hucks,kinder5@spartaaceap.com,hehehahahoho,,/,,sparta.aceap@gmail.com,,,,,,,,,aceap000,,,,,,,,,False,,False
Willie,Myer,kinder6@spartaaceap.com,hehehahahoho,,/,,sparta.aceap@gmail.com,,,,,,,,,aceap000,,,,,,,,,False,,False
Brian,Joseph,kinder7@spartaaceap.com,hehehahahoho,,/,,sparta.aceap@gmail.com,,,,,,,,,aceap000,,,,,,,,,False,,False
Roger,Swatzell,kinder8@spartaaceap.com,hehehahahoho,,/,,sparta.aceap@gmail.com,,,,,,,,,aceap000,,,,,,,,,False,,False
Cynthia,Mullen,kinder9@spartaaceap.com,hehehahahoho,,/,,sparta.aceap@gmail.com,,,,,,,,,aceap000,,,,,,,,,False,,False
Margaret,Sabo,kinder10@spartaaceap.com,hehehahahoho,,/,,sparta.aceap@gmail.com,,,,,,,,,aceap000,,,,,,,,,False,,False
Michaela,Fish,kinder11@spartaaceap.com,hehehahahoho,,/,,sparta.aceap@gmail.com,,,,,,,,,aceap000,,,,,,,,,False,,False
Robert,Parmenter,kinder12@spartaaceap.com,hehehahahoho,,/,,sparta.aceap@gmail.com,,,,,,,,,aceap000,,,,,,,,,False,,False
Randy,Cain,kinder13@spartaaceap.com,hehehahahoho,,/,,sparta.aceap@gmail.com,,,,,,,,,aceap000,,,,,,,,,False,,False
Robert,Decaro,kinder14@spartaaceap.com,hehehahahoho,,/,,sparta.aceap@gmail.com,,,,,,,,,aceap000,,,,,,,,,False,,False
Monique,Turner,kinder15@spartaaceap.com,hehehahahoho,,/,,sparta.aceap@gmail.com,,,,,,,,,aceap000,,,,,,,,,False,,False
Michael,Alexander,kinder16@spartaaceap.com,hehehahahoho,,/,,sparta.aceap@gmail.com,,,,,,,,,aceap000,,,,,,,,,False,,False
Richard,Farmer,kinder17@spartaaceap.com,hehehahahoho,,/,,sparta.aceap@gmail.com,,,,,,,,,aceap000,,,,,,,,,False,,False
Carmen,Seaver,kinder18@spartaaceap.com,hehehahahoho,,/,,sparta.aceap@gmail.com,,,,,,,,,aceap000,,,,,,,,,False,,False
Nancy,Walker,kinder19@spartaaceap.com,hehehahahoho,,/,,sparta.aceap@gmail.com,,,,,,,,,aceap000,,,,,,,,,False,,False
Kevin,Williams,kinder20@spartaaceap.com,hehehahahoho,,/,,sparta.aceap@gmail.com,,,,,,,,,aceap000,,,,,,,,,False,,False
Jason,Etherington,kinder21@spartaaceap.com,hehehahahoho,,/,,sparta.aceap@gmail.com,,,,,,,,,aceap000,,,,,,,,,False,,False
Vincent,Roberts,kinder22@spartaaceap.com,hehehahahoho,,/,,sparta.aceap@gmail.com,,,,,,,,,aceap000,,,,,,,,,False,,False
Elizabeth,Harvey,kinder23@spartaaceap.com,hehehahahoho,,/,,sparta.aceap@gmail.com,,,,,,,,,aceap000,,,,,,,,,False,,False
Eleanor,Heikes,kinder24@spartaaceap.com,hehehahahoho,,/,,sparta.aceap@gmail.com,,,,,,,,,aceap000,,,,,,,,,False,,False
Carrie,Nicholson,kinder25@spartaaceap.com,hehehahahoho,,/,,sparta.aceap@gmail.com,,,,,,,,,aceap000,,,,,,,,,False,,False
Reginald,Halley,kinder26@spartaaceap.com,hehehahahoho,,/,,sparta.aceap@gmail.com,,,,,,,,,aceap000,,,,,,,,,False,,False
Edward,Bell,kinder27@spartaaceap.com,hehehahahoho,,/,,sparta.aceap@gmail.com,,,,,,,,,aceap000,,,,,,,,,False,,False
William,Gregory,kinder28@spartaaceap.com,hehehahahoho,,/,,sparta.aceap@gmail.com,,,,,,,,,aceap000,,,,,,,,,False,,False