First Name [Required],Last Name [Required],Email Address [Required],Password [Required],Password Hash Function [UPLOAD ONLY],Org Unit Path [Required],New Primary Email [UPLOAD ONLY],Recovery Email,Home Secondary Email,Work Secondary Email,Recovery Phone [MUST BE IN THE E.164 FORMAT],Work Phone,Home Phone,Mobile Phone,Work Address,Home Address,Employee ID,Employee Type,Employee Title,Manager Email,Department,Cost Center,Building ID,Floor Name,Floor Section,Change Password at Next Sign-In,New Status [UPLOAD ONLY],Advanced Protection Program enrollment
Alan,Coleman,milkyway0@spartaaceap.com,hehehahahoho,,/,,sparta.aceap@gmail.com,,,,,,,,,aceap000,,,,,,,,,False,,False
Juanita,Tate,milkyway1@spartaaceap.com,hehehahahoho,,/,,sparta.aceap@gmail.com,,,,,,,,,aceap000,,,,,,,,,False,,False
Rosa,Jimison,milkyway2@spartaaceap.com,hehehahahoho,,/,,sparta.aceap@gmail.com,,,,,,,,,aceap000,,,,,,,,,False,,False
Frank,Prichard,milkyway3@spartaaceap.com,hehehahahoho,,/,,sparta.aceap@gmail.com,,,,,,,,,aceap000,,,,,,,,,False,,False
Carlos,Gilreath,milkyway4@spartaaceap.com,hehehahahoho,,/,,sparta.aceap@gmail.com,,,,,,,,,aceap000,,,,,,,,,False,,False
Christopher,Robinson,milkyway5@spartaaceap.com,hehehahahoho,,/,,sparta.aceap@gmail.com,,,,,,,,,aceap000,,,,,,,,,False,,False
Gregory,Schwartz,milkyway6@spartaaceap.com,hehehahahoho,,/,,sparta.aceap@gmail.com,,,,,,,,,aceap000,,,,,,,,,False,,False
Charisse,Shaw,milkyway7@spartaaceap.com,hehehahahoho,,/,,sparta.aceap@gmail.com,,,,,,,,,aceap000,,,,,,,,,False,,False
Connie,Adams,milkyway8@spartaaceap.com,hehehahahoho,,/,,sparta.aceap@gmail.com,,,,,,,,,aceap000,,,,,,,,,False,,False
Heath,Perez,milkyway9@spartaaceap.com,hehehahahoho,,/,,sparta.aceap@gmail.com,,,,,,,,,aceap000,,,,,,,,,False,,False
Thomas,Wilkerson,milkyway10@spartaaceap.com,hehehahahoho,,/,,sparta.aceap@gmail.com,,,,,,,,,aceap000,,,,,,,,,False,,False
Sandra,Wise,milkyway11@spartaaceap.com,hehehahahoho,,/,,sparta.aceap@gmail.com,,,,,,,,,aceap000,,,,,,,,,False,,False
Lisa,Balmer,milkyway12@spartaaceap.com,hehehahahoho,,/,,sparta.aceap@gmail.com,,,,,,,,,aceap000,,,,,,,,,False,,False
Louis,Ferrell,milkyway13@spartaaceap.com,hehehahahoho,,/,,sparta.aceap@gmail.com,,,,,,,,,aceap000,,,,,,,,,False,,False
Maria,Lockhart,milkyway14@spartaaceap.com,hehehahahoho,,/,,sparta.aceap@gmail.com,,,,,,,,,aceap000,,,,,,,,,False,,False
Steven,Watson,milkyway15@spartaaceap.com,hehehahahoho,,/,,sparta.aceap@gmail.com,,,,,,,,,aceap000,,,,,,,,,False,,False
Steven,Lu,milkyway16@spartaaceap.com,hehehahahoho,,/,,sparta.aceap@gmail.com,,,,,,,,,aceap000,,,,,,,,,False,,False
Theresa,Parisi,milkyway17@spartaaceap.com,hehehahahoho,,/,,sparta.aceap@gmail.com,,,,,,,,,aceap000,,,,,,,,,False,,False
Charles,Allen,milkyway18@spartaaceap.com,hehehahahoho,,/,,sparta.aceap@gmail.com,,,,,,,,,aceap000,,,,,,,,,False,,False
Regina,Pace,milkyway19@spartaaceap.com,hehehahahoho,,/,,sparta.aceap@gmail.com,,,,,,,,,aceap000,,,,,,,,,False,,False
Jacqueline,Pannell,milkyway20@spartaaceap.com,hehehahahoho,,/,,sparta.aceap@gmail.com,,,,,,,,,aceap000,,,,,,,,,False,,False
Connie,Cropsey,milkyway21@spartaaceap.com,hehehahahoho,,/,,sparta.aceap@gmail.com,,,,,,,,,aceap000,,,,,,,,,False,,False
Mary,Christion,milkyway22@spartaaceap.com,hehehahahoho,,/,,sparta.aceap@gmail.com,,,,,,,,,aceap000,,,,,,,,,False,,False
Frank,Griffey,milkyway23@spartaaceap.com,hehehahahoho,,/,,sparta.aceap@gmail.com,,,,,,,,,aceap000,,,,,,,,,False,,False
Rex,Ramirez,milkyway24@spartaaceap.com,hehehahahoho,,/,,sparta.aceap@gmail.com,,,,,,,,,aceap000,,,,,,,,,False,,False
Ronald,Brooks,milkyway25@spartaaceap.com,hehehahahoho,,/,,sparta.aceap@gmail.com,,,,,,,,,aceap000,,,,,,,,,False,,False
Robert,Richardson,milkyway26@spartaaceap.com,hehehahahoho,,/,,sparta.aceap@gmail.com,,,,,,,,,aceap000,,,,,,,,,False,,False
Marlin,Brendel,milkyway27@spartaaceap.com,hehehahahoho,,/,,sparta.aceap@gmail.com,,,,,,,,,aceap000,,,,,,,,,False,,False
Elodia,Ward,milkyway28@spartaaceap.com,hehehahahoho,,/,,sparta.aceap@gmail.com,,,,,,,,,aceap000,,,,,,,,,False,,False