First Name [Required],Last Name [Required],Email Address [Required],Password [Required],Password Hash Function [UPLOAD ONLY],Org Unit Path [Required],New Primary Email [UPLOAD ONLY],Recovery Email,Home Secondary Email,Work Secondary Email,Recovery Phone [MUST BE IN THE E.164 FORMAT],Work Phone,Home Phone,Mobile Phone,Work Address,Home Address,Employee ID,Employee Type,Employee Title,Manager Email,Department,Cost Center,Building ID,Floor Name,Floor Section,Change Password at Next Sign-In,New Status [UPLOAD ONLY],Advanced Protection Program enrollment
Hector,Fryar,compound0@spartaaceap.com,hehehahahoho,,/,,sparta.aceap@gmail.com,,,,,,,,,aceap000,,,,,,,,,False,,False
Tonya,Nilson,compound1@spartaaceap.com,hehehahahoho,,/,,sparta.aceap@gmail.com,,,,,,,,,aceap000,,,,,,,,,False,,False
Daniel,Schwab,compound2@spartaaceap.com,hehehahahoho,,/,,sparta.aceap@gmail.com,,,,,,,,,aceap000,,,,,,,,,False,,False
Raven,Mickelson,compound3@spartaaceap.com,hehehahahoho,,/,,sparta.aceap@gmail.com,,,,,,,,,aceap000,,,,,,,,,False,,False
Richard,Dempsey,compound4@spartaaceap.com,hehehahahoho,,/,,sparta.aceap@gmail.com,,,,,,,,,aceap000,,,,,,,,,False,,False
Hollie,Miller,compound5@spartaaceap.com,hehehahahoho,,/,,sparta.aceap@gmail.com,,,,,,,,,aceap000,,,,,,,,,False,,False
James,Diefenbach,compound6@spartaaceap.com,hehehahahoho,,/,,sparta.aceap@gmail.com,,,,,,,,,aceap000,,,,,,,,,False,,False
Teddy,Coleman,compound7@spartaaceap.com,hehehahahoho,,/,,sparta.aceap@gmail.com,,,,,,,,,aceap000,,,,,,,,,False,,False
Patricia,Bedolla,compound8@spartaaceap.com,hehehahahoho,,/,,sparta.aceap@gmail.com,,,,,,,,,aceap000,,,,,,,,,False,,False
Thomas,Cruz,compound9@spartaaceap.com,hehehahahoho,,/,,sparta.aceap@gmail.com,,,,,,,,,aceap000,,,,,,,,,False,,False
Adam,Delong,compound10@spartaaceap.com,hehehahahoho,,/,,sparta.aceap@gmail.com,,,,,,,,,aceap000,,,,,,,,,False,,False
Lori,Smith,compound11@spartaaceap.com,hehehahahoho,,/,,sparta.aceap@gmail.com,,,,,,,,,aceap000,,,,,,,,,False,,False
Maxine,Miyasato,compound12@spartaaceap.com,hehehahahoho,,/,,sparta.aceap@gmail.com,,,,,,,,,aceap000,,,,,,,,,False,,False
Leana,Collini,compound13@spartaaceap.com,hehehahahoho,,/,,sparta.aceap@gmail.com,,,,,,,,,aceap000,,,,,,,,,False,,False
Michelle,Nguyen,compound14@spartaaceap.com,hehehahahoho,,/,,sparta.aceap@gmail.com,,,,,,,,,aceap000,,,,,,,,,False,,False
Patricia,Davis,compound15@spartaaceap.com,hehehahahoho,,/,,sparta.aceap@gmail.com,,,,,,,,,aceap000,,,,,,,,,False,,False
Joan,Eudy,compound16@spartaaceap.com,hehehahahoho,,/,,sparta.aceap@gmail.com,,,,,,,,,aceap000,,,,,,,,,False,,False
Pamela,Pedro,compound17@spartaaceap.com,hehehahahoho,,/,,sparta.aceap@gmail.com,,,,,,,,,aceap000,,,,,,,,,False,,False
Lorraine,Searby,compound18@spartaaceap.com,hehehahahoho,,/,,sparta.aceap@gmail.com,,,,,,,,,aceap000,,,,,,,,,False,,False
John,Banderas,compound19@spartaaceap.com,hehehahahoho,,/,,sparta.aceap@gmail.com,,,,,,,,,aceap000,,,,,,,,,False,,False
Gordon,Williams,compound20@spartaaceap.com,hehehahahoho,,/,,sparta.aceap@gmail.com,,,,,,,,,aceap000,,,,,,,,,False,,False
Sylvia,James,compound21@spartaaceap.com,hehehahahoho,,/,,sparta.aceap@gmail.com,,,,,,,,,aceap000,,,,,,,,,False,,False
Paul,Burgess,compound22@spartaaceap.com,hehehahahoho,,/,,sparta.aceap@gmail.com,,,,,,,,,aceap000,,,,,,,,,False,,False
Kurt,Quezada,compound23@spartaaceap.com,hehehahahoho,,/,,sparta.aceap@gmail.com,,,,,,,,,aceap000,,,,,,,,,False,,False