First Name [Required],Last Name [Required],Email Address [Required],Password [Required],Password Hash Function [UPLOAD ONLY],Org Unit Path [Required],New Primary Email [UPLOAD ONLY],Recovery Email,Home Secondary Email,Work Secondary Email,Recovery Phone [MUST BE IN THE E.164 FORMAT],Work Phone,Home Phone,Mobile Phone,Work Address,Home Address,Employee ID,Employee Type,Employee Title,Manager Email,Department,Cost Center,Building ID,Floor Name,Floor Section,Change Password at Next Sign-In,New Status [UPLOAD ONLY],Advanced Protection Program enrollment
James,Niebaum,bounty0@spartaaceap.com,hehehahahoho,,/,,sparta.aceap@gmail.com,,,,,,,,,aceap000,,,,,,,,,False,,False
Carol,Giorgio,bounty1@spartaaceap.com,hehehahahoho,,/,,sparta.aceap@gmail.com,,,,,,,,,aceap000,,,,,,,,,False,,False
Judy,Bloomfield,bounty2@spartaaceap.com,hehehahahoho,,/,,sparta.aceap@gmail.com,,,,,,,,,aceap000,,,,,,,,,False,,False
Travis,Ford,bounty3@spartaaceap.com,hehehahahoho,,/,,sparta.aceap@gmail.com,,,,,,,,,aceap000,,,,,,,,,False,,False
Tabetha,Thaxton,bounty4@spartaaceap.com,hehehahahoho,,/,,sparta.aceap@gmail.com,,,,,,,,,aceap000,,,,,,,,,False,,False
Carl,Griffin,bounty5@spartaaceap.com,hehehahahoho,,/,,sparta.aceap@gmail.com,,,,,,,,,aceap000,,,,,,,,,False,,False
Dawn,Watson,bounty6@spartaaceap.com,hehehahahoho,,/,,sparta.aceap@gmail.com,,,,,,,,,aceap000,,,,,,,,,False,,False
Tom,Christopher,bounty7@spartaaceap.com,hehehahahoho,,/,,sparta.aceap@gmail.com,,,,,,,,,aceap000,,,,,,,,,False,,False
Ruth,Wayman,bounty8@spartaaceap.com,hehehahahoho,,/,,sparta.aceap@gmail.com,,,,,,,,,aceap000,,,,,,,,,False,,False
Steven,Harris,bounty9@spartaaceap.com,hehehahahoho,,/,,sparta.aceap@gmail.com,,,,,,,,,aceap000,,,,,,,,,False,,False
Gabrielle,Butler,bounty10@spartaaceap.com,hehehahahoho,,/,,sparta.aceap@gmail.com,,,,,,,,,aceap000,,,,,,,,,False,,False
Michelle,Strause,bounty11@spartaaceap.com,hehehahahoho,,/,,sparta.aceap@gmail.com,,,,,,,,,aceap000,,,,,,,,,False,,False
Christopher,Cotton,bounty12@spartaaceap.com,hehehahahoho,,/,,sparta.aceap@gmail.com,,,,,,,,,aceap000,,,,,,,,,False,,False
Floyd,Destefano,bounty13@spartaaceap.com,hehehahahoho,,/,,sparta.aceap@gmail.com,,,,,,,,,aceap000,,,,,,,,,False,,False
Jason,Morrow,bounty14@spartaaceap.com,hehehahahoho,,/,,sparta.aceap@gmail.com,,,,,,,,,aceap000,,,,,,,,,False,,False
Juan,Ewart,bounty15@spartaaceap.com,hehehahahoho,,/,,sparta.aceap@gmail.com,,,,,,,,,aceap000,,,,,,,,,False,,False
Nathan,Meredith,bounty16@spartaaceap.com,hehehahahoho,,/,,sparta.aceap@gmail.com,,,,,,,,,aceap000,,,,,,,,,False,,False
Mark,Wade,bounty17@spartaaceap.com,hehehahahoho,,/,,sparta.aceap@gmail.com,,,,,,,,,aceap000,,,,,,,,,False,,False
Lucille,Martins,bounty18@spartaaceap.com,hehehahahoho,,/,,sparta.aceap@gmail.com,,,,,,,,,aceap000,,,,,,,,,False,,False
Barbara,Kahler,bounty19@spartaaceap.com,hehehahahoho,,/,,sparta.aceap@gmail.com,,,,,,,,,aceap000,,,,,,,,,False,,False
Thomas,Sawyer,bounty20@spartaaceap.com,hehehahahoho,,/,,sparta.aceap@gmail.com,,,,,,,,,aceap000,,,,,,,,,False,,False
Diane,Howard,bounty21@spartaaceap.com,hehehahahoho,,/,,sparta.aceap@gmail.com,,,,,,,,,aceap000,,,,,,,,,False,,False
Peter,Mcdonald,bounty22@spartaaceap.com,hehehahahoho,,/,,sparta.aceap@gmail.com,,,,,,,,,aceap000,,,,,,,,,False,,False
Peter,Lyles,bounty23@spartaaceap.com,hehehahahoho,,/,,sparta.aceap@gmail.com,,,,,,,,,aceap000,,,,,,,,,False,,False
Elbert,Howard,bounty24@spartaaceap.com,hehehahahoho,,/,,sparta.aceap@gmail.com,,,,,,,,,aceap000,,,,,,,,,False,,False
Thomas,Lee,bounty25@spartaaceap.com,hehehahahoho,,/,,sparta.aceap@gmail.com,,,,,,,,,aceap000,,,,,,,,,False,,False
Howard,Graham,bounty26@spartaaceap.com,hehehahahoho,,/,,sparta.aceap@gmail.com,,,,,,,,,aceap000,,,,,,,,,False,,False
Tyrone,Robinson,bounty27@spartaaceap.com,hehehahahoho,,/,,sparta.aceap@gmail.com,,,,,,,,,aceap000,,,,,,,,,False,,False
Floyd,Varillas,bounty28@spartaaceap.com,hehehahahoho,,/,,sparta.aceap@gmail.com,,,,,,,,,aceap000,,,,,,,,,False,,False